{"cameraMode":{"drawMode":0,"name":"Shaded","section":"Shading Mode"},"sceneLighting":false,"audioPlay":false,"sceneViewState":{"m_AlwaysRefresh":false,"showFog":true,"showSkybox":false,"showFlares":true,"showImageEffects":true,"showParticleSystems":true,"showVisualEffectGraphs":true,"m_FxEnabled":true},"in2DMode":false,"pivot":{"x":-3.5867221355438234,"y":-128.8016357421875,"z":-41.79159927368164},"rotation":{"x":-0.06109822914004326,"y":-0.044897351413965228,"z":-0.002717625116929412,"w":0.9971819519996643},"size":32.015621185302737,"orthographic":false}