{"cameraMode":{"drawMode":0,"name":"Shaded","section":"Shading Mode"},"sceneLighting":false,"audioPlay":false,"sceneViewState":{"m_AlwaysRefresh":false,"showFog":true,"showSkybox":false,"showFlares":true,"showImageEffects":true,"showParticleSystems":true,"showVisualEffectGraphs":true,"m_FxEnabled":true},"in2DMode":false,"pivot":{"x":-0.00038555823266506195,"y":4.0951080322265629,"z":8.139211654663086},"rotation":{"x":-0.02901272289454937,"y":0.2887880802154541,"z":-0.008755690418183804,"w":-0.9569200873374939},"size":0.02979751117527485,"orthographic":false}