{"cameraMode":{"drawMode":0,"name":"Shaded","section":"Shading Mode"},"sceneLighting":true,"audioPlay":false,"sceneViewState":{"m_AlwaysRefresh":false,"showFog":true,"showSkybox":true,"showFlares":true,"showImageEffects":true,"showParticleSystems":true,"showVisualEffectGraphs":true,"m_FxEnabled":true},"in2DMode":false,"pivot":{"x":196.35592651367188,"y":373.10089111328127,"z":-6.913760185241699},"rotation":{"x":0.14962895214557649,"y":0.04001539945602417,"z":-0.006113032344728708,"w":0.9879555702209473},"size":369.3846130371094,"orthographic":false}